image,Genotype,Repetition,panicule_L_cm,panicule_A_cm2,f1_L_cm,f1_l_cm,f1_A_cm2,f1_angle_deg,f2_L_cm,f2_l_cm,f2_A_cm2,f2_angle_deg,f3_L_cm,f3_l_cm,f3_A_cm2,f3_angle_deg,f4_L_cm,f4_l_cm,f4_A_cm2,f4_angle_deg,f5_L_cm,f5_l_cm,f5_A_cm2,f5_angle_deg,f6_L_cm,f6_l_cm,f6_A_cm2,f6_angle_deg,f7_L_cm,f7_l_cm,f7_A_cm2,f7_angle_deg,f8_L_cm,f8_l_cm,f8_A_cm2,f8_angle_deg,tige_L_cm,tige_diametre_cm,nb_organes_detectes,organes_manquants
IMG_1167,ICSV745,R1P1,5.744,10.7153,13.587,3.535,13.8956,47.3,11.336,1.028,6.9611,56.4,16.302,3.194,19.0033,61.4,21.046,9.596,17.105,50.6,42.884,16.43,178.2983,85,NA,NA,NA,NA,NA,NA,NA,NA,NA,NA,NA,NA,NA,NA,6,NA
IMG_1166,ICSV745,R1P1,5.602,10.1814,9.96,1.95,8.0737,34.9,15.145,1.618,13.346,62.5,15.993,3.054,17.9016,60.4,17.461,6.726,15.5748,52.6,NA,NA,NA,NA,NA,NA,NA,NA,NA,NA,NA,NA,NA,NA,NA,NA,NA,NA,5,NA
IMG_1164,ICSV745,R1P1,5.456,9.4635,11.853,2.621,11.2274,47.6,40.156,15.389,151.0797,84.6,15.233,3.013,16.3472,60.6,21.64,11.605,15.1244,54.4,NA,NA,NA,NA,NA,NA,NA,NA,NA,NA,NA,NA,NA,NA,NA,NA,NA,NA,5,NA
IMG_1163,ICSV745,R1P1,5.347,9.1088,11.522,2.414,10.472,47.8,15.253,2.168,15.2116,64.9,14.294,2.535,15.0591,58.4,20.297,9.976,14.3121,50.9,NA,NA,NA,NA,NA,NA,NA,NA,NA,NA,NA,NA,NA,NA,NA,NA,NA,NA,5,NA
IMG_1162,ICSV745,R1P1,5.289,8.8643,11.725,2.393,10.5325,49.5,14.378,1.953,14.0567,57.2,25.55,16.328,14.5312,52.8,15.084,1.507,11.2298,60.6,NA,NA,NA,NA,NA,NA,NA,NA,NA,NA,NA,NA,NA,NA,NA,NA,NA,NA,5,NA
IMG_1152,ICSV745,R1P3,5.461,7.5858,12.421,3.149,12.7334,48.9,15.82,11.365,13.3085,34.4,140.031,62.432,17.6583,23,NA,NA,NA,NA,NA,NA,NA,NA,NA,NA,NA,NA,NA,NA,NA,NA,NA,NA,NA,NA,NA,NA,4,NA
IMG_1150,GOLOBE,R1P2,6.472,8.9889,7.851,2.937,5.0992,34.5,9.907,1.895,8.3049,44.1,NA,NA,NA,NA,14.965,1.633,14.6608,46.3,20.914,10.821,10.6657,57.9,11.782,2.374,10.708,54,10.995,1.225,9.9175,77,12.796,1.282,8.0664,67.6,NA,NA,8,feuille_3
IMG_1149,GOLOBE,R1P2,6.679,9.1996,8.195,3.228,5.2094,35.8,9.834,2.147,8.3207,43,NA,NA,NA,NA,15.571,1.664,15.0784,46.4,14.132,4.649,10.4683,60.5,11.829,2.119,10.7504,53,12.94,1.251,10.478,78.7,NA,NA,NA,NA,NA,NA,7,feuille_3
IMG_1148,GOLOBE,R1P2,6.731,9.363,8.14,3.14,5.2578,36,10.359,3.163,8.5822,40.3,38.695,13.723,135.523,80.3,14.894,1.608,14.4428,45.2,12.292,2.984,10.4804,62.3,12.123,2.688,11.271,54.3,12.203,1.239,10.541,77.8,13.768,1.241,8.1585,67.5,NA,NA,9,NA
IMG_1147,GOLOBE,R1P2,6.744,9.3727,7.981,3.138,5.2893,35.4,9.872,1.908,8.2807,44.3,11.11,1.002,7.5229,70.7,10.76,1.513,10.0652,43.1,17.596,7.533,10.9054,60.2,11.941,2.342,10.7226,53.4,12.76,1.258,10.771,78.4,NA,NA,NA,NA,NA,NA,8,NA
IMG_1138,FAOUROU,R1P3,5.608,8.2698,NA,NA,NA,NA,NA,NA,NA,NA,NA,NA,NA,NA,NA,NA,NA,NA,NA,NA,NA,NA,NA,NA,NA,NA,NA,NA,NA,NA,NA,NA,NA,NA,NA,NA,1,NA
IMG_1137,FAOUROU,R1P3,5.754,8.2081,7.852,1.045,4.8716,15.9,11.912,1.371,8.88,31.9,13.069,7.677,9.6233,51.7,NA,NA,NA,NA,NA,NA,NA,NA,NA,NA,NA,NA,NA,NA,NA,NA,NA,NA,NA,NA,NA,NA,4,NA
IMG_1136,FAOUROU,R1P3,5.789,8.5773,7.876,1.105,5.0943,15.1,11.616,1.502,9.1548,30.5,12.649,6.888,10.4841,49.9,NA,NA,NA,NA,NA,NA,NA,NA,NA,NA,NA,NA,NA,NA,NA,NA,NA,NA,NA,NA,NA,NA,4,NA
IMG_1135,FAOUROU,R1P3,5.94,8.8074,8.347,1.106,5.1149,15.4,13.055,7.07,10.8981,52.4,11.842,1.505,9.3812,30.8,NA,NA,NA,NA,NA,NA,NA,NA,NA,NA,NA,NA,NA,NA,NA,NA,NA,NA,NA,NA,NA,NA,4,NA
IMG_1132,FAOUROU,R1P2,5.621,6.8958,31.571,14.355,90.6497,87,NA,NA,NA,NA,NA,NA,NA,NA,NA,NA,NA,NA,NA,NA,NA,NA,NA,NA,NA,NA,NA,NA,NA,NA,NA,NA,NA,NA,NA,NA,2,NA
IMG_1131,FAOUROU,R1P2,5.709,6.8328,NA,NA,NA,NA,NA,NA,NA,NA,NA,NA,NA,NA,NA,NA,NA,NA,NA,NA,NA,NA,NA,NA,NA,NA,NA,NA,NA,NA,NA,NA,NA,NA,NA,NA,1,NA
IMG_1130,FAOUROU,R1P2,5.771,6.9769,8.642,2.298,5.9757,48.9,33.148,13.074,88.5251,89.7,33.151,13.265,88.5662,88.6,40.239,32.158,10.2843,9.3,14.476,1.42,13.547,75.3,8.035,1.057,6.173,68.3,NA,NA,NA,NA,NA,NA,NA,NA,NA,NA,7,NA
IMG_1129,FAOUROU,R1P2,5.673,6.9079,NA,NA,NA,NA,NA,NA,NA,NA,NA,NA,NA,NA,NA,NA,NA,NA,NA,NA,NA,NA,NA,NA,NA,NA,NA,NA,NA,NA,NA,NA,NA,NA,NA,NA,1,NA
IMG_1128,FAOUROU,R1P2,5.614,6.9478,8.446,2.262,5.7021,48.6,10.539,2.377,7.4696,70.1,31.704,12.506,86.4658,86.6,16.467,9.908,10.4344,58.5,14.27,1.398,13.2141,75,7.834,1.039,6.1016,68.2,NA,NA,NA,NA,NA,NA,NA,NA,NA,NA,7,NA
IMG_1125,FAOUROU,R1P1,5.953,8.6052,NA,NA,NA,NA,NA,NA,NA,NA,NA,NA,NA,NA,NA,NA,NA,NA,NA,NA,NA,NA,NA,NA,NA,NA,NA,NA,NA,NA,NA,NA,NA,NA,NA,NA,1,NA
IMG_1124,FAOUROU,R1P1,5.85,8.4623,38.235,36.994,13.4816,67.3,NA,NA,NA,NA,NA,NA,NA,NA,NA,NA,NA,NA,NA,NA,NA,NA,NA,NA,NA,NA,NA,NA,NA,NA,NA,NA,NA,NA,NA,NA,2,NA
IMG_1123,FAOUROU,R1P1,5.842,8.3643,28.721,10.925,115.9156,88.5,15.403,6.395,13.363,63.3,NA,NA,NA,NA,NA,NA,NA,NA,NA,NA,NA,NA,NA,NA,NA,NA,NA,NA,NA,NA,NA,NA,NA,NA,NA,NA,3,NA
IMG_1122,PAYENNE,R1P1,6.915,7.719,14.792,2.06,22.5396,72.9,16.634,2.502,17.8072,44.7,15.791,2.911,15.415,62,14.472,1.533,12.1269,72,NA,NA,NA,NA,NA,NA,NA,NA,NA,NA,NA,NA,NA,NA,NA,NA,NA,NA,5,NA
IMG_1121,PAYENNE,R1P1,7.089,8.1197,15.296,2.072,22.8011,72.2,17.184,2.689,19.1776,46.2,19.631,7.671,20.5021,44.8,14.983,2.25,15.3387,63.2,36.073,17.999,181.9363,76.4,NA,NA,NA,NA,NA,NA,NA,NA,NA,NA,NA,NA,NA,NA,6,NA
IMG_1120,PAYENNE,R1P1,7.168,8.1548,14.981,2.074,22.95,71.6,16.7,2.977,19.4403,46.8,18.292,6.581,20.5577,44.2,15.162,2.577,15.8992,64.1,16.913,1.446,13.7613,73.4,NA,NA,NA,NA,NA,NA,NA,NA,NA,NA,NA,NA,NA,NA,6,NA
IMG_1119,PAYENNE,R1P1,7.407,8.4381,15.647,2.085,23.7732,70.5,17.377,2.887,19.5299,47.8,15.214,2.184,15.191,65.5,22.426,3.315,21.059,77.2,NA,NA,NA,NA,NA,NA,NA,NA,NA,NA,NA,NA,NA,NA,NA,NA,NA,NA,5,NA
IMG_1114,PAYENNE,R1P3,6.442,10.5846,12.825,1.271,10.7528,59.3,7.32,3.144,5.7166,50.8,12.657,1.454,8.495,60.5,13.041,1.386,10.5422,45.8,16.288,2.464,17.3738,51.6,NA,NA,NA,NA,NA,NA,NA,NA,NA,NA,NA,NA,NA,NA,6,NA
IMG_1113,PAYENNE,R1P3,6.467,10.5737,12.937,1.267,10.7904,59.5,6.833,2.691,5.6561,48.1,15.058,1.576,9.4635,63.1,12.525,1.445,10.1342,45.6,15.632,2.447,17.4501,51,NA,NA,NA,NA,NA,NA,NA,NA,NA,NA,NA,NA,NA,NA,6,NA
IMG_1112,PAYENNE,R1P3,6.361,10.4744,12.248,1.299,10.4405,59.1,6.82,2.743,5.6694,49.1,15.048,1.578,9.547,63.1,12.844,1.425,10.4126,45.7,16.312,2.911,17.8423,52.8,14.29,1.483,9.403,76.1,NA,NA,NA,NA,NA,NA,NA,NA,NA,NA,7,NA
IMG_1111,NGUINTH,R1P3,6.462,8.5446,7.219,1.39,7.7141,48.9,NA,NA,NA,NA,NA,NA,NA,NA,NA,NA,NA,NA,NA,NA,NA,NA,NA,NA,NA,NA,NA,NA,NA,NA,NA,NA,NA,NA,NA,NA,2,NA
IMG_1110,NGUINTH,R1P3,6.392,8.4865,7.113,1.409,7.5749,49.3,NA,NA,NA,NA,NA,NA,NA,NA,NA,NA,NA,NA,NA,NA,NA,NA,NA,NA,NA,NA,NA,NA,NA,NA,NA,NA,NA,NA,NA,NA,2,NA
IMG_1109,NGUINTH,R1P3,6.503,8.6149,7.259,1.441,7.6924,49.8,10.806,1.68,12.8145,72,11.608,5.463,9.57,53.9,4.441,0.867,2.4491,35,14.058,1.061,8.8267,72.8,NA,NA,NA,NA,NA,NA,NA,NA,NA,NA,NA,NA,NA,NA,6,NA
IMG_1107,NGUINTH,R1P1,7.029,9.5688,4.986,1.007,3.3304,8.4,4.615,0.874,2.0121000000000002,45.9,10.167,3.117,7.4974,40.8,6.966,1.731,4.3256,18,13.637,1.612,10.1136,68.2,NA,NA,NA,NA,NA,NA,NA,NA,NA,NA,NA,NA,NA,NA,6,NA
IMG_1106,NGUINTH,R1P1,6.902,9.5785,8.296,0.856,4.368,74.7,7.837,1.335,6.1016,49.4,NA,NA,NA,NA,NA,NA,NA,NA,NA,NA,NA,NA,NA,NA,NA,NA,NA,NA,NA,NA,NA,NA,NA,NA,NA,NA,3,NA
IMG_1105,NGUINTH,R1P1,6.978,9.6608,8.084,0.864,4.5738,74.6,7.996,1.321,6.2517,49.4,8.717,1.505,8.9853,64.4,37.258,13.9,149.794,80.9,12.993,1.805,11.8448,62,8.034,1.786,10.5555,67,10.459,1.342,7.5846,69.4,38.281,13.859,147.2565,81.2,NA,NA,9,NA
IMG_1104,NGUINTH,R1P1,7.128,9.9817,8.238,0.854,4.4515,74.6,8.284,1.302,6.4624,49.1,8.278,1.578,9.4369,64.9,37.958,14.166,154.9343,82,8.606,1.789,10.9175,66.7,13.469,2.105,12.7806,60.3,12.275,0.924,6.5992,61.6,NA,NA,NA,NA,NA,NA,8,NA
IMG_1103,NGUINTH,R1P2,6.701,9.4248,9.363,0.876,5.0677,59.2,15.488,1.123,9.6257,66.3,35.614,25.296,12.5191,74.8,NA,NA,NA,NA,NA,NA,NA,NA,NA,NA,NA,NA,NA,NA,NA,NA,NA,NA,NA,NA,NA,NA,4,NA
IMG_1102,NGUINTH,R1P2,6.631,9.4575,10.1,0.878,5.0895,59.1,16.542,1.157,10.1633,66.7,NA,NA,NA,NA,NA,NA,NA,NA,NA,NA,NA,NA,NA,NA,NA,NA,NA,NA,NA,NA,NA,NA,NA,NA,NA,NA,3,NA
IMG_1101,NGUINTH,R1P2,6.629,9.4429,9.773,0.871,5.0919,58.8,15.584,1.11,9.7529,66.8,12.188,1.14,9.8558,60.4,12.959,1.543,10.6669,61.7,34.06,13.415,137.293,85.7,59.712,36.754,11.5845,58,15.343,1.027,7.7795,63.5,5.857,1.463,6.4515,74.3,NA,NA,9,NA
IMG_1100,NGUINTH,R1P2,6.865,9.8013,11.05,0.89,5.3147,59.4,16.599,1.143,10.3291,66.2,12.992,1.215,10.5712,61.8,13.179,1.555,11.3267,60.9,11.879,1.685,9.955,63.6,12.304,1.209,9.0458,65.5,6.008,1.541,6.6161,73.5,NA,NA,NA,NA,NA,NA,8,NA
IMG_1098,S35,R1P2,4.238,5.9369,9.696,1.581,6.7626,47.5,12.398,2.626,11.1221,50.2,19.319,1.498,13.9876,59.8,12.254,1.731,8.3449,54.9,9.271,1.212,7.8655,68.1,NA,NA,NA,NA,NA,NA,NA,NA,NA,NA,NA,NA,NA,NA,6,NA
IMG_1097,S35,R1P2,4.921,7.5096,9.876,1.537,6.92,48,14.185,2.807,13.369,51.6,21.092,1.641,16.5796,59.7,11.218,1.271,9.8751,68.3,NA,NA,NA,NA,NA,NA,NA,NA,NA,NA,NA,NA,NA,NA,NA,NA,NA,NA,5,NA
IMG_1095,NGANDA,R1P1,6.944,9.4998,57.326,19.702,5.5144,80.5,11.251,2.254,10.1729,63.6,NA,NA,NA,NA,NA,NA,NA,NA,NA,NA,NA,NA,NA,NA,NA,NA,NA,NA,NA,NA,NA,NA,NA,NA,NA,NA,3,NA
IMG_1094,NGANDA,R1P1,7.972,11.6233,95.621,26.717,5.8159,90,13.082,1.597,12.0034,58.8,14.641,1.549,10.9708,63.1,15.468,1.824,12.8581,68.7,36.094,13.912,157.2733,89.1,NA,NA,NA,NA,NA,NA,NA,NA,NA,NA,NA,NA,NA,NA,6,NA
IMG_1092,NGANDA,R1P2,6.447,8.5374,8.857,1.828,7.3074,57.5,6.291,1.539,5.0253,69.8,8.295,2.658,4.667,28.3,11.924,3.522,8.9502,58,23.743,9.615,7.7384,77.4,9.941,1.358,7.3582,61.6,NA,NA,NA,NA,NA,NA,NA,NA,NA,NA,7,NA
IMG_1091,NGANDA,R1P3,7.483,11.6765,81.834,34.242,5.9769,42.4,14.844,1.592,13.1705,61.3,11.043,4.357,7.5737,30,63.236,34.033,18.7188,90,10.362,2.536,6.9745,30.8,8.308,1.747,10.7819,60.6,15.476,1.57,10.3473,60.5,14.506,1.894,12.7843,62.7,10.256,1.486,10,NA
IMG_1090,ICRS14001,R1P3,7.087,10.5507,14.537,7.017,15.1898,15.3,12.425,1.583,11.8497,35.2,32.199,26.003,223.2261,83.3,NA,NA,NA,NA,NA,NA,NA,NA,NA,NA,NA,NA,NA,NA,NA,NA,NA,NA,NA,NA,NA,NA,4,NA
IMG_1089,ICRS14001,R1P2,4.936,6.9345,10.788,1.567,7.8062,35.2,19.969,11.432,15.9198,39.2,18.09,8.24,22.0008,17.8,9.783,1.716,7.5313,37.8,18.182,10.877,20.6485,9,22.095,13.422,21.8689,9.8,NA,NA,NA,NA,NA,NA,NA,NA,NA,NA,7,NA
IMG_1088,ICRS14001,R1P1,5.509,7.6718,10.651,0.949,5.6064,22.3,12.681,4.493,11.7867,19.6,12.813,4.021,16.2249,31.6,14.479,3.132,18.7454,58,13.668,5.179,17.3084,5.5,NA,NA,NA,NA,NA,NA,NA,NA,NA,NA,NA,NA,NA,NA,6,NA
