ordre,Genotype,Density,Rep,Fresh_Biom(t/ha),Dry_Biom(t/ha),Fresh_Panicle(t/ha),Dry_Panicle(t/ha),seed(t/ha)
49,DAROU,LD,1,15.260,4.448,1.175,0.963,0.336
50,FAOUROU,LD,1,13.493,3.966,1.203,1.071,0.611
51,GOLOBE,LD,1,14.138,4.577,0.658,0.590,0.121
52,ICRS14001,LD,1,22.436,6.377,1.599,1.176,0.444
53,ICSV 112,LD,1,15.289,4.049,0.917,0.643,0.203
54,ICSV 745,LD,1,13.635,4.257,2.031,1.564,0.944
55,ISIAP,LD,1,13.106,0.000,0.981,0.751,0.373
56,NGANDA,LD,1,17.635,5.152,1.210,1.078,0.329
57,NGUINTH,LD,1,16.635,5.008,1.246,1.097,0.580
58,NTJ2,LD,1,16.608,3.979,1.748,1.542,0.971
59,PAYENNE,LD,1,17.563,4.632,0.792,0.714,0.177
60,S35,LD,1,16.768,4.971,1.120,0.904,0.493
61,DAROU,LD,2,16.750,4.933,1.735,1.571,0.973
62,FAOUROU,LD,2,15.676,4.672,1.191,1.070,0.435
63,GOLOBE,LD,2,13.820,4.244,0.513,0.463,0.044
64,ICRS14001,LD,2,20.138,5.915,1.511,1.201,0.611
65,ICSV 112,LD,2,14.578,4.020,1.379,1.109,0.585
66,ICSV 745,LD,2,10.979,3.225,2.254,1.830,1.229
67,ISIAP,LD,2,18.663,5.481,1.791,1.600,0.983
68,NGANDA,LD,2,16.250,4.384,1.148,1.030,0.530
69,NGUINTH,LD,2,14.338,4.272,1.977,1.751,0.982
70,NTJ2,LD,2,13.836,3.847,0.944,0.799,0.388
71,PAYENNE,LD,2,17.950,0.000,0.620,0.586,0.065
72,S35,LD,2,18.589,5.346,1.391,1.245,0.709
73,DAROU,LD,3,14.796,4.494,1.060,0.932,0.299
74,FAOUROU,LD,3,16.748,4.874,1.376,1.280,0.748
75,GOLOBE,LD,3,16.605,5.384,0.873,0.818,0.207
76,ICRS14001,LD,3,17.730,4.858,1.577,1.323,0.808
77,ICSV 112,LD,3,12.917,3.561,0.734,0.518,0.183
78,ICSV 745,LD,3,10.525,0.000,1.174,1.035,0.660
79,ISIAP,LD,3,15.720,4.500,0.427,0.338,0.161
80,NGANDA,LD,3,12.325,3.651,0.742,0.661,0.232
81,NGUINTH,LD,3,11.875,3.682,0.807,0.718,0.270
82,NTJ2,LD,3,19.753,5.604,3.083,2.853,2.126
83,PAYENNE,LD,3,12.554,4.395,0.332,0.296,0.086
84,S35,LD,3,16.621,5.144,1.926,1.777,1.055
85,DAROU,LD,4,10.749,3.394,0.793,0.728,0.469
86,FAOUROU,LD,4,13.836,4.270,1.345,1.258,0.743
87,GOLOBE,LD,4,19.135,5.284,1.715,1.660,0.822
88,ICRS14001,LD,4,17.265,5.607,1.691,1.498,1.084
89,ICSV 112,LD,4,16.201,4.921,2.544,2.279,1.594
90,ICSV 745,LD,4,9.174,2.915,0.947,0.792,0.527
91,ISIAP,LD,4,16.668,4.962,1.569,1.453,1.078
92,NGANDA,LD,4,12.032,3.841,0.609,0.572,0.314
93,NGUINTH,LD,4,13.254,4.237,1.283,1.238,0.680
94,NTJ2,LD,4,12.355,3.721,1.703,1.610,1.146
95,PAYENNE,LD,4,11.659,4.027,0.267,0.247,0.111
96,S35,LD,4,12.179,3.430,0.625,0.556,0.354